playerName,position_x,team,games_x,points,assists,totalRb,steals,blocks,turnovers,effectFgPercent,season,position_y,games_y,per,usagePercent,offensiveWs,defensiveWs,winShares,offensiveBox,defensiveBox,vorp,teamName,wins,topWsPlayer
Tariq Abdul-Wahad,SG,SAC,49,454,50,186,50,16,70,0.442,1999,SG,49,11.8,19.000,0.5,0.9,1.4,-2.5,-0.5,-0.3,,,
Shareef Abdur-Rahim,SF,VAN,50,1152,172,374,69,55,186,0.438,1999,SF,50,20.7,28.900,3.7,0.9,4.6,2.9,-0.9,2.1,,,
Cory Alexander,PG,DEN,36,261,119,74,35,5,69,0.431,1999,PG,36,11.0,20.300,-0.2,0.0,-0.3,-2.1,-1.3,-0.3,,,
Ray Allen*,SG,MIL,50,856,178,212,53,7,122,0.505,1999,SG,50,18.9,24.500,4.2,1.1,5.2,3.5,-1.0,1.9,,,
Peter Aluma,C,SAC,2,2,0,2,1,1,2,0.500,1999,C,2,3.1,34.100,0.0,0.0,0.0,-26.4,6.6,0.0,,,
Derek Anderson,SG,CLE,38,409,145,109,48,4,82,0.432,1999,SG,38,16.5,23.400,1.1,1.0,2.1,1.3,0.3,0.9,,,
Kenny Anderson,PG,BOS,34,412,193,103,33,2,71,0.459,1999,PG,34,16.7,20.900,1.8,0.6,2.4,1.1,-1.0,0.5,,,
Nick Anderson,SF,ORL,47,701,91,277,64,15,83,0.470,1999,SF,47,15.3,22.800,1.3,2.6,3.9,1.5,0.6,1.7,,,
Shandon Anderson,SG,UTA,50,427,56,132,39,10,66,0.466,1999,SG,50,12.8,21.600,0.7,1.3,2.0,-1.0,-0.1,0.3,,,
Chris Anstey,C,DAL,41,134,27,97,18,13,26,0.360,1999,C,41,9.2,18.200,-0.2,0.4,0.3,-4.7,0.3,-0.3,,,
Greg Anthony,PG,POR,50,319,100,63,66,3,55,0.512,1999,PG,50,16.6,19.600,1.3,1.5,2.8,0.9,3.1,1.2,,,
B.J. Armstrong,PG,TOT,32,105,61,39,12,0,25,0.494,1999,PG,32,12.9,15.800,0.4,0.4,0.7,-1.6,0.4,0.1,,,
B.J. Armstrong,PG,CHH,10,57,27,16,3,0,10,0.558,1999,PG,10,13.3,15.300,0.3,0.1,0.4,0.2,-0.7,0.1,,,
B.J. Armstrong,PG,ORL,22,48,34,23,9,0,15,0.433,1999,PG,22,12.4,16.300,0.0,0.3,0.3,-3.3,1.4,0.0,,,
Darrell Armstrong,PG,ORL,50,690,335,180,108,4,158,0.507,1999,PG,50,22.2,22.900,3.8,2.7,6.4,4.2,2.4,3.3,,,
Keith Askins,SF,MIA,33,53,10,44,17,3,13,0.387,1999,SF,33,3.5,9.400,-0.3,0.5,0.2,-5.2,1.7,-0.2,,,
Stacey Augmon,SF,POR,48,208,58,125,57,18,30,0.448,1999,SF,48,13.0,12.400,1.0,1.6,2.6,-1.0,3.7,1.0,,,
Isaac Austin,C,ORL,49,477,89,237,47,35,114,0.411,1999,C,49,12.0,22.900,-0.9,2.1,1.2,-2.6,0.8,0.1,,,
Anthony Avent,PF,UTA,5,9,1,12,2,0,7,0.308,1999,PF,5,1.3,22.700,-0.2,0.1,-0.1,-9.2,-3.2,-0.1,,,
Thurl Bailey,PF,UTA,43,181,26,94,9,28,27,0.446,1999,PF,43,11.5,19.100,0.2,0.7,0.9,-2.9,0.3,-0.1,,,
Toby Bailey,SG,PHO,27,78,13,54,9,2,11,0.401,1999,SG,27,11.3,19.000,0.0,0.2,0.2,-2.6,-1.6,-0.1,,,
Mark Baker,PG,TOR,1,0,0,0,0,0,1,0.000,1999,PG,1,-46.6,45.400,-0.1,0.0,-0.1,-39.4,-24.3,0.0,,,
Vin Baker,PF,SEA,34,468,56,211,32,34,76,0.453,1999,PF,34,12.5,22.800,-0.2,0.6,0.4,-2.4,-1.4,-0.5,,,
Charles Barkley*,PF,HOU,42,676,192,516,43,13,100,0.482,1999,PF,42,23.1,22.200,4.8,2.0,6.8,4.3,0.3,2.5,,,
Dana Barros,PG,BOS,50,464,208,105,52,5,88,0.539,1999,PG,50,17.7,19.000,2.5,0.9,3.4,2.5,-0.5,1.2,,,
Brent Barry,SG,CHI,37,412,116,144,42,11,72,0.469,1999,SG,37,12.9,18.800,0.7,0.9,1.6,-0.3,-0.2,0.4,,,
Drew Barry,SG,SEA,17,37,29,20,7,1,12,0.438,1999,SG,17,9.0,12.300,0.1,0.1,0.2,-3.1,0.4,0.0,,,
Jon Barry,SG,SAC,43,213,112,96,53,5,47,0.514,1999,SG,43,15.9,12.900,1.6,0.8,2.4,0.3,2.5,0.9,,,
Tony Battie,C,BOS,50,335,53,300,29,71,45,0.519,1999,C,50,15.5,14.100,1.7,1.6,3.3,-0.9,1.2,0.6,,,
Corey Beck,PG,TOT,24,45,20,28,9,2,13,0.474,1999,PG,24,10.1,15.400,0.0,0.2,0.2,-4.5,1.1,-0.1,,,
Corey Beck,PG,DET,8,10,0,5,2,0,2,0.500,1999,PG,8,12.6,17.200,0.0,0.0,0.1,-4.2,2.1,0.0,,,
Corey Beck,PG,CHH,16,35,20,23,7,2,11,0.468,1999,PG,16,9.7,15.100,-0.1,0.2,0.1,-4.6,0.9,-0.1,,,
Benoit Benjamin,C,PHI,6,4,1,8,0,0,3,0.286,1999,C,6,-1.5,13.700,-0.1,0.0,-0.1,-9.1,-2.6,-0.1,,,
Corey Benjamin,PG,CHI,31,118,10,40,11,8,21,0.389,1999,PG,31,8.3,22.900,-0.4,0.3,-0.2,-5.1,-0.9,-0.3,,,
Mario Bennett,PF,CHI,3,7,0,5,1,0,1,0.333,1999,PF,3,10.9,21.700,0.0,0.0,0.0,-4.3,0.8,0.0,,,
Travis Best,PG,IND,49,346,169,80,42,4,62,0.452,1999,PG,49,14.1,18.500,1.5,0.6,2.1,-0.1,-0.1,0.5,,,
Mike Bibby,PG,VAN,50,662,325,136,78,5,146,0.442,1999,PG,50,14.8,21.500,1.1,0.2,1.3,-0.2,-1.6,0.1,,,
Chauncey Billups,SG,DEN,45,624,173,96,58,14,98,0.472,1999,SG,45,15.1,20.300,2.8,-0.5,2.3,1.1,-1.6,0.5,,,
Mookie Blaylock,PG,ATL,48,640,278,224,99,9,115,0.439,1999,PG,48,16.7,21.500,1.5,3.2,4.7,2.1,1.9,2.7,,,
Corie Blount,PF,TOT,34,100,12,151,19,16,21,0.360,1999,PF,34,9.5,13.000,-0.1,0.7,0.7,-3.7,-0.4,-0.3,,,
Corie Blount,PF,LAL,14,32,2,46,1,4,6,0.394,1999,PF,14,8.0,12.300,0.1,0.1,0.2,-3.9,-3.0,-0.2,,,
Corie Blount,PF,CLE,20,68,10,105,18,12,15,0.343,1999,PF,20,10.1,13.300,-0.2,0.7,0.5,-3.6,0.7,-0.1,,,
Muggsy Bogues,PG,GSW,36,183,134,73,43,1,47,0.494,1999,PG,36,15.3,13.500,0.9,0.8,1.7,-0.7,2.2,0.6,,,
Etdrick Bohannon,SF,WAS,2,0,0,0,0,0,0,,1999,SF,2,0.0,0.000,0.0,0.0,0.0,-3.0,-1.6,0.0,,,
Keith Booth,SF,CHI,39,120,38,93,22,11,39,0.328,1999,SF,39,7.0,22.700,-1.4,0.6,-0.8,-6.5,0.5,-0.4,,,
Bruce Bowen,SF,BOS,30,70,28,52,21,9,13,0.317,1999,SF,30,5.0,10.500,-0.4,0.4,0.0,-4.5,0.7,-0.2,,,
Earl Boykins,PG,TOT,22,65,33,17,6,0,20,0.399,1999,PG,22,7.2,21.500,-0.4,0.1,-0.3,-4.0,-2.4,-0.3,,,
Earl Boykins,PG,NJN,5,21,6,4,1,0,7,0.500,1999,PG,5,9.3,24.200,-0.1,0.0,-0.1,-1.5,-1.9,0.0,,,
Earl Boykins,PG,CLE,17,44,27,13,5,0,13,0.362,1999,PG,17,6.5,20.700,-0.3,0.1,-0.2,-4.8,-2.6,-0.2,,,
Shawn Bradley,C,DAL,49,420,40,392,35,159,56,0.480,1999,C,49,19.6,16.100,2.1,2.2,4.2,0.0,2.3,1.4,,,
Terrell Brandon,PG,TOT,36,501,309,134,63,10,74,0.430,1999,PG,36,19.5,23.000,1.9,1.2,3.2,2.6,0.6,1.6,,,
Terrell Brandon,PG,MIL,15,203,104,53,24,3,36,0.425,1999,PG,15,17.4,24.400,0.5,0.4,0.9,1.7,-0.3,0.4,,,
Terrell Brandon,PG,MIN,21,298,205,81,39,7,38,0.433,1999,PG,21,20.9,22.100,1.5,0.8,2.3,3.3,1.2,1.2,,,
Chucky Brown,PF,CHH,48,407,57,174,16,19,38,0.492,1999,PF,48,11.6,17.400,0.9,0.7,1.6,-1.1,-1.3,-0.1,,,
Dee Brown,PG,TOR,49,549,143,103,56,8,80,0.514,1999,PG,49,13.9,19.700,1.8,0.6,2.5,2.0,-1.3,1.0,,,
Gerald Brown,SG,PHO,33,80,31,22,5,1,22,0.388,1999,SG,33,7.3,22.900,-0.4,0.1,-0.3,-4.4,-2.4,-0.3,,,
P.J. Brown,PF,MIA,50,571,66,346,46,48,69,0.480,1999,PF,50,15.8,18.700,2.6,2.6,5.1,0.1,0.8,1.2,,,
Randy Brown,PG,CHI,39,342,149,132,68,8,80,0.414,1999,PG,39,12.6,18.400,-0.3,1.3,1.0,-2.9,1.5,0.2,,,
Rick Brunson,PG,NYK,17,17,19,10,9,0,12,0.286,1999,PG,17,6.2,20.700,-0.4,0.2,-0.2,-5.8,2.5,0.0,,,
Kobe Bryant*,SG,LAL,50,996,190,264,72,50,157,0.482,1999,SG,50,18.9,25.300,3.7,1.5,5.2,2.1,-0.1,1.9,,,
Mark Bryant,PF,CHI,45,407,48,232,34,16,68,0.483,1999,PF,45,12.1,18.100,0.5,1.0,1.5,-2.6,-0.8,-0.4,,,
Jud Buechler,SF,DET,50,274,57,133,37,13,21,0.544,1999,SF,50,12.2,12.100,1.7,1.2,2.9,1.1,1.0,1.1,,,
Matt Bullard,PF,HOU,41,117,18,42,13,4,14,0.482,1999,PF,41,9.6,15.100,0.2,0.2,0.5,-0.8,-0.6,0.1,,,
Scott Burrell,SF,NJN,32,212,45,119,40,11,23,0.428,1999,SF,32,12.6,15.600,0.6,0.7,1.4,-0.7,1.4,0.5,,,
Willie Burton,SF,CHH,3,4,0,6,0,0,1,0.143,1999,SF,3,0.6,25.700,-0.1,0.0,-0.1,-6.3,-7.9,-0.1,,,
Mitchell Butler,SG,CLE,31,168,22,44,15,4,29,0.522,1999,SG,31,12.6,21.200,0.1,0.3,0.5,-0.7,-1.0,0.0,,,
Jason Caffey,PF,GSW,35,308,18,205,24,9,75,0.444,1999,PF,35,10.2,20.000,-0.5,1.0,0.5,-3.9,-0.9,-0.6,,,
Marcus Camby,C,NYK,46,329,12,253,29,74,39,0.521,1999,C,46,17.6,17.500,1.4,2.0,3.5,-0.4,1.8,0.8,,,
Elden Campbell,C,TOT,49,616,69,397,39,73,80,0.477,1999,C,49,18.1,21.300,2.3,1.9,4.3,0.2,-0.3,0.7,,,
Elden Campbell,C,LAL,17,126,8,96,1,16,22,0.436,1999,C,17,13.4,20.800,0.3,0.3,0.5,-2.6,-2.1,-0.2,,,
Elden Campbell,C,CHH,32,490,61,301,38,57,58,0.489,1999,C,32,19.4,21.500,2.1,1.7,3.7,1.0,0.2,0.9,,,
Antoine Carr,PF,HOU,18,47,9,31,1,10,9,0.404,1999,PF,18,8.9,19.800,-0.1,0.1,0.0,-6.2,0.5,-0.1,,,
Chris Carr,SG,TOT,39,207,23,71,8,2,28,0.439,1999,SG,39,11.8,24.800,0.0,0.2,0.2,-0.6,-2.7,-0.1,,,
Chris Carr,SG,MIN,11,23,7,12,1,1,4,0.404,1999,SG,11,6.5,17.200,-0.1,0.1,0.0,-5.2,-0.3,-0.1,,,
Chris Carr,SG,NJN,28,184,16,59,7,1,24,0.444,1999,SG,28,13.0,26.500,0.1,0.1,0.2,0.4,-3.2,-0.1,,,
Cory Carr,SG,CHI,42,171,66,49,21,7,46,0.340,1999,SG,42,5.1,20.800,-1.6,0.4,-1.2,-6.7,-1.5,-1.0,,,
Vince Carter,SF,TOR,50,913,149,283,55,77,110,0.463,1999,SF,50,19.6,25.600,3.6,1.4,5.0,3.1,-0.4,2.1,,,
Sam Cassell,PG,TOT,8,127,36,15,9,0,20,0.430,1999,PG,8,23.1,31.000,0.7,0.1,0.8,4.5,0.1,0.3,,,
Sam Cassell,PG,NJN,4,72,19,6,3,0,12,0.439,1999,PG,4,23.7,32.900,0.4,0.0,0.4,5.8,-0.4,0.2,,,
Sam Cassell,PG,MIL,4,55,17,9,6,0,8,0.420,1999,PG,4,22.5,29.100,0.3,0.1,0.4,3.2,0.5,0.1,,,
Kelvin Cato,C,POR,43,151,19,150,23,56,27,0.453,1999,C,43,14.5,15.600,0.2,1.4,1.6,-3.3,3.3,0.3,,,
Duane Causwell,C,MIA,19,44,2,35,0,11,18,0.571,1999,C,19,8.1,21.000,-0.2,0.2,0.0,-7.6,0.6,-0.2,,,
Cedric Ceballos,SF,DAL,13,163,12,85,7,5,28,0.461,1999,SF,13,15.4,24.700,0.1,0.3,0.4,0.0,-1.5,0.0,,,
Rex Chapman,SG,PHO,38,459,109,104,34,9,54,0.417,1999,SG,38,11.8,21.600,0.3,0.6,0.9,-1.0,-1.5,-0.1,,,
Calbert Cheaney,SG,WAS,50,385,73,141,39,16,42,0.424,1999,SG,50,8.8,17.700,-0.4,0.8,0.4,-3.2,-0.2,-0.5,,,
Pete Chilcutt,PF,VAN,46,166,30,117,22,12,28,0.442,1999,PF,46,9.4,13.700,0.0,0.2,0.3,-1.7,-0.7,-0.1,,,
Chris Childs,PG,NYK,48,328,193,133,44,1,85,0.494,1999,PG,48,11.1,14.300,1.2,1.7,2.9,-1.8,1.3,0.5,,,
Doug Christie,SG,TOR,50,760,187,207,113,26,119,0.425,1999,SG,50,16.9,22.500,2.5,1.7,4.2,1.0,0.5,1.6,,,
Keon Clark,C,DEN,28,93,10,96,10,31,21,0.450,1999,C,28,11.3,13.000,0.1,0.2,0.2,-3.0,0.0,-0.1,,,
Keith Closs,C,LAC,15,32,0,25,3,9,6,0.522,1999,C,15,17.5,17.400,0.1,0.1,0.2,-2.0,1.2,0.0,,,
John Coker,C,WAS,14,31,0,22,1,2,2,0.419,1999,C,14,9.6,16.800,0.1,0.1,0.1,-3.5,-1.7,-0.1,,,
Derrick Coleman,PF,CHH,37,486,78,328,24,42,90,0.422,1999,PF,37,15.6,23.300,0.4,1.6,2.0,-0.3,-0.4,0.4,,,
Bimbo Coles,PG,GSW,48,455,222,117,45,11,82,0.449,1999,PG,48,14.8,18.900,1.6,1.1,2.7,-0.3,0.5,0.7,,,
Marty Conlon,C,MIA,7,8,1,5,0,1,3,0.231,1999,C,7,-3.3,23.800,-0.2,0.0,-0.1,-13.1,-3.4,-0.1,,,
Tyrone Corbin,SF,ATL,47,352,43,145,31,7,43,0.448,1999,SF,47,11.4,18.200,0.7,1.5,2.2,-1.0,0.6,0.4,,,
James Cotton,SG,SEA,10,25,0,10,3,0,3,0.333,1999,SG,10,12.2,22.200,0.0,0.0,0.1,-2.9,-1.4,0.0,,,
Chris Crawford,PF,ATL,42,288,24,90,10,13,48,0.453,1999,PF,42,10.1,20.000,0.5,0.9,1.3,-2.7,-0.2,-0.2,,,
Austin Croshere,PF,IND,27,92,10,45,7,8,23,0.480,1999,PF,27,12.3,20.800,0.1,0.2,0.3,-1.3,-0.2,0.0,,,
John Crotty,PG,TOT,27,159,63,31,11,0,33,0.468,1999,PG,27,15.1,21.300,0.7,0.0,0.8,0.7,-2.1,0.1,,,
John Crotty,PG,POR,3,12,5,1,2,0,0,0.563,1999,PG,3,37.0,22.400,0.2,0.0,0.2,10.5,7.2,0.1,,,
John Crotty,PG,SEA,24,147,58,30,9,0,33,0.461,1999,PG,24,14.0,21.200,0.5,0.0,0.6,0.1,-2.6,0.0,,,
Terry Cummings,PF,GSW,50,454,58,255,46,10,58,0.440,1999,PF,50,16.2,23.400,1.1,1.5,2.6,-0.9,0.8,0.4,,,
William Cunningham,C,TOT,16,6,1,28,1,11,5,0.167,1999,C,16,0.5,6.500,-0.3,0.1,-0.2,-8.9,-1.4,-0.3,,,
William Cunningham,C,TOR,1,0,0,0,0,0,0,,1999,C,1,0.0,0.000,0.0,0.0,0.0,-0.7,-2.7,0.0,,,
William Cunningham,C,NJN,15,6,1,28,1,11,5,0.167,1999,C,15,0.5,6.500,-0.3,0.1,-0.2,-9.0,-1.4,-0.3,,,
Bill Curley,PF,MIN,35,78,14,51,17,9,10,0.410,1999,PF,35,7.4,10.800,0.3,0.4,0.7,-5.7,1.5,-0.2,,,
Dell Curry,SG,MIL,42,423,48,85,36,3,45,0.588,1999,SG,42,18.7,21.900,2.0,0.6,2.6,4.4,-0.5,1.3,,,
Michael Curry,SF,MIL,50,244,78,108,42,7,37,0.439,1999,SF,50,8.7,11.600,0.9,0.8,1.7,-3.0,0.7,-0.1,,,
Erick Dampier,C,GSW,50,442,54,382,26,58,92,0.389,1999,C,50,11.8,18.700,-0.2,1.8,1.5,-2.9,-0.4,-0.5,,,
Antonio Daniels,PG,SAS,47,220,106,54,30,6,44,0.467,1999,PG,47,16.1,19.400,0.8,1.0,1.8,0.2,1.4,0.6,,,
Kornél Dávid,SF,CHI,50,308,40,173,23,17,48,0.449,1999,SF,50,13.6,17.700,1.0,0.7,1.7,-1.5,-0.9,-0.1,,,
Antonio Davis,PF,IND,49,463,33,344,22,42,50,0.471,1999,PF,49,16.7,18.200,2.7,1.3,4.0,0.7,-0.9,0.6,,,
Ben Davis,PF,NYK,8,17,3,11,0,0,1,0.412,1999,PF,8,34.4,47.200,0.1,0.0,0.1,11.9,-5.5,0.0,,,
Dale Davis,PF,IND,50,398,22,416,20,57,43,0.533,1999,PF,50,16.6,13.900,3.0,1.5,4.5,1.6,-0.7,1.0,,,
Hubert Davis,SG,DAL,50,457,89,86,21,3,57,0.520,1999,SG,50,10.9,15.900,1.6,0.0,1.6,-0.6,-1.8,-0.1,,,
Mark Davis,SF,MIA,4,9,1,7,1,0,7,0.333,1999,SF,4,-3.1,22.100,-0.1,0.1,-0.1,-14.5,-2.2,-0.1,,,
Ricky Davis,SG,CHH,46,209,58,84,30,7,54,0.410,1999,SG,46,12.9,23.800,-0.4,0.5,0.2,-1.6,-0.5,0.0,,,
Terry Davis,C,WAS,37,126,10,139,11,3,16,0.533,1999,C,37,10.6,9.900,0.9,0.4,1.4,-1.7,-0.6,0.0,,,
Andrew DeClercq,C,TOT,47,371,31,255,50,29,54,0.500,1999,C,47,15.0,17.000,1.6,1.5,3.1,-1.2,0.1,0.2,,,
Andrew DeClercq,C,BOS,14,75,10,63,13,9,22,0.491,1999,C,14,12.2,15.900,0.1,0.3,0.5,-3.8,-0.1,-0.1,,,
Andrew DeClercq,C,CLE,33,296,21,192,37,20,32,0.502,1999,C,33,15.8,17.300,1.5,1.2,2.7,-0.4,0.2,0.4,,,
Terry Dehere,SG-PG,TOT,26,83,27,24,7,3,16,0.459,1999,SG-PG,26,8.5,16.300,0.0,0.0,0.0,-2.3,-2.0,-0.2,,,
Terry Dehere,PG,SAC,4,9,1,2,2,0,2,0.409,1999,PG,4,10.7,27.700,0.0,0.0,0.0,-2.7,0.2,0.0,,,
Terry Dehere,SG,VAN,22,74,26,22,5,3,14,0.466,1999,SG,22,8.3,15.400,0.1,-0.1,0.0,-2.3,-2.1,-0.2,,,
Vinny Del Negro,PG,MIL,48,281,174,102,33,3,55,0.446,1999,PG,48,12.3,15.200,1.0,0.6,1.6,-0.4,-0.5,0.3,,,
Bison Dele,C,DET,49,513,71,272,38,40,111,0.501,1999,C,49,15.8,24.000,0.6,1.8,2.4,-1.5,0.5,0.3,,,
Tony Delk,PG,GSW,36,246,95,54,16,6,45,0.395,1999,PG,36,11.6,23.200,0.0,0.4,0.4,-0.9,-0.9,0.1,,,
Michael Dickerson,SG,HOU,50,547,95,83,27,11,66,0.542,1999,SG,50,11.5,16.900,2.0,0.2,2.2,-0.4,-1.7,0.0,,,
Vlade Divac*,C,SAC,50,714,215,501,44,51,131,0.480,1999,C,50,18.0,19.400,3.1,2.1,5.2,1.2,0.9,1.8,,,
Michael Doleac,C,ORL,49,304,20,148,19,17,26,0.468,1999,C,49,13.7,19.100,1.2,1.1,2.2,-2.2,-0.1,0.0,,,
Sherman Douglas,PG,LAC,30,247,124,58,27,3,61,0.438,1999,PG,30,11.5,17.200,0.2,-0.3,-0.1,-1.5,-2.5,-0.4,,,
Bryce Drew,PG,HOU,34,118,52,32,12,4,31,0.426,1999,PG,34,6.6,17.400,-0.3,0.2,-0.1,-4.6,-0.9,-0.4,,,
Chris Dudley,C,NYK,46,115,7,193,13,38,24,0.440,1999,C,46,9.6,10.500,0.2,1.3,1.5,-3.4,1.2,0.0,,,
Joe Dumars*,SG,DET,38,428,134,68,23,2,53,0.539,1999,SG,38,15.1,18.300,2.6,0.6,3.2,3.2,-1.5,1.1,,,
Tim Duncan*,PF,SAS,50,1084,121,571,45,126,146,0.495,1999,PF,50,23.2,27.200,4.0,4.7,8.7,2.7,1.8,3.2,,,
Blue Edwards,SF,MIA,24,77,30,33,17,5,21,0.472,1999,SF,24,12.2,17.200,0.0,0.5,0.4,-1.6,2.7,0.2,,,
Howard Eisley,PG,UTA,50,368,185,94,30,2,109,0.479,1999,PG,50,11.7,21.100,0.2,1.1,1.3,-1.9,-0.5,-0.1,,,
Mario Elie,SG,SAS,47,455,89,137,46,12,61,0.532,1999,SG,47,14.5,16.000,2.6,1.9,4.5,0.7,1.6,1.4,,,
Sean Elliott,SF,SAS,50,561,117,213,26,17,71,0.449,1999,SF,50,12.6,19.700,1.3,2.2,3.5,-0.5,0.3,0.7,,,
Dale Ellis,SF,SEA,48,495,38,115,25,3,45,0.559,1999,SF,48,13.1,17.300,2.3,0.0,2.4,1.4,-1.8,0.5,,,
LaPhonso Ellis,PF,ATL,20,204,18,109,8,7,34,0.424,1999,PF,20,11.8,21.900,0.0,0.8,0.8,-2.4,-0.2,-0.1,,,
Brian Evans,SF,TOT,16,34,15,19,5,3,2,0.341,1999,SF,16,10.5,14.500,0.0,0.1,0.1,0.1,0.7,0.1,,,
Brian Evans,SF,NJN,11,30,14,17,3,3,2,0.382,1999,SF,11,12.0,13.800,0.1,0.1,0.2,1.1,1.0,0.1,,,
Brian Evans,SF,MIN,5,4,1,2,2,0,0,0.200,1999,SF,5,3.1,18.300,-0.1,0.0,-0.1,-5.2,-1.0,0.0,,,
Patrick Ewing*,C,NYK,38,657,43,377,30,100,99,0.435,1999,C,38,19.4,28.400,0.2,3.1,3.3,0.1,1.8,1.3,,,
Jamie Feick,PF-C,TOT,28,177,24,288,25,18,34,0.500,1999,PF-C,28,14.2,10.100,1.2,0.9,2.2,-0.6,-1.6,0.0,,,
Jamie Feick,C,MIL,2,0,0,2,0,0,0,0.000,1999,C,2,-1.8,15.900,0.0,0.0,0.0,-7.7,-4.5,0.0,,,
Jamie Feick,PF,NJN,26,177,24,286,25,18,34,0.504,1999,PF,26,14.2,10.100,1.3,0.9,2.2,-0.5,-1.6,0.0,,,
Duane Ferrell,SF,GSW,8,5,0,6,1,1,1,0.071,1999,SF,8,-2.3,16.200,-0.2,0.0,-0.2,-8.2,-3.4,-0.1,,,
Danny Ferry,PF,CLE,50,349,53,102,23,10,39,0.541,1999,PF,50,11.0,16.100,1.0,0.7,1.7,-0.8,-0.7,0.2,,,
Michael Finley,SF,DAL,50,1009,218,263,66,15,107,0.470,1999,SF,50,19.2,24.200,4.4,0.9,5.4,2.8,-0.9,2.1,,,
Derek Fisher,PG,LAL,50,296,197,91,61,1,77,0.449,1999,PG,50,12.1,14.900,1.0,0.7,1.7,-0.6,0.0,0.4,,,
Danny Fortson,PF,DEN,50,550,32,581,31,22,77,0.495,1999,PF,50,18.7,18.000,3.6,0.7,4.4,0.4,-2.3,0.0,,,
Greg Foster,PF,UTA,42,118,25,83,6,8,24,0.380,1999,PF,42,6.3,17.900,-0.4,0.5,0.1,-5.3,-0.8,-0.5,,,
Rick Fox,SF,LAL,44,394,89,89,28,10,56,0.497,1999,SF,44,13.6,20.300,1.4,0.4,1.8,-0.3,-1.0,0.2,,,
Adonal Foyle,C,GSW,44,129,18,194,15,43,31,0.430,1999,C,44,12.3,12.600,0.1,1.0,1.1,-2.8,1.5,0.1,,,
Todd Fuller,C,UTA,42,142,6,101,6,14,27,0.452,1999,C,42,9.1,17.900,-0.1,0.7,0.6,-4.3,-0.5,-0.3,,,
Lawrence Funderburke,PF,SAC,47,420,30,222,22,23,52,0.560,1999,PF,47,18.5,18.400,2.4,0.7,3.1,1.7,-0.9,0.6,,,
Kevin Garnett*,PF,MIN,47,977,202,489,78,83,135,0.462,1999,PF,47,22.4,27.800,2.4,3.0,5.4,3.6,1.7,3.3,,,
Marlon Garnett,PG,BOS,24,51,18,21,5,1,12,0.353,1999,PG,24,6.5,15.600,-0.1,0.1,0.0,-4.0,-0.9,-0.2,,,
Dean Garrett,C,MIN,49,270,28,257,30,45,29,0.502,1999,C,49,13.6,11.800,1.5,1.4,2.9,-1.2,0.4,0.3,,,
Pat Garrity,PF,PHO,39,217,18,75,8,3,20,0.521,1999,PF,39,13.0,18.400,0.9,0.2,1.1,-1.1,-1.9,-0.1,,,
Chris Gatling,C,TOT,48,272,32,179,32,10,62,0.443,1999,C,48,10.1,22.000,-1.0,0.9,-0.1,-4.6,-0.9,-0.7,,,
Chris Gatling,C,NJN,18,84,12,65,8,4,29,0.371,1999,C,18,5.5,21.400,-0.8,0.2,-0.5,-6.5,-1.2,-0.4,,,
Chris Gatling,C,MIL,30,188,20,114,24,6,33,0.485,1999,C,30,12.6,22.400,-0.2,0.7,0.5,-3.5,-0.7,-0.3,,,
Andrew Gaze,SG,SAS,19,21,6,5,2,1,4,0.420,1999,SG,19,8.5,23.200,-0.1,0.1,0.0,-2.8,-0.1,0.0,,,
Matt Geiger,C,PHI,50,674,58,362,39,40,101,0.480,1999,C,50,17.1,21.600,2.4,2.3,4.7,0.6,-0.2,0.9,,,
Kendall Gill,SF,NJN,50,588,123,244,134,26,71,0.400,1999,SF,50,14.8,20.300,0.3,2.2,2.6,-1.8,2.4,1.1,,,
Armen Gilliam,PF,MIL,34,281,19,126,22,12,36,0.453,1999,PF,34,15.9,21.700,0.9,0.7,1.5,0.1,-0.7,0.2,,,
Brian Grant,PF,POR,48,550,67,470,21,34,96,0.479,1999,PF,48,17.0,17.300,3.4,2.5,5.9,0.7,-0.1,1.0,,,
Gary Grant,PG,POR,2,0,3,0,1,0,0,0.000,1999,PG,2,18.1,6.500,0.0,0.0,0.0,2.2,7.4,0.0,,,
Harvey Grant,PF,PHI,47,146,23,110,20,16,21,0.372,1999,PF,47,6.6,11.500,-0.2,0.9,0.8,-3.3,0.5,-0.2,,,
Horace Grant,PF,ORL,50,443,90,351,46,60,44,0.434,1999,PF,50,13.3,14.500,1.4,2.7,4.1,-0.6,1.3,1.1,,,
Paul Grant,C,TOT,6,4,0,1,1,0,2,0.333,1999,C,6,-4.6,27.900,-0.1,0.0,-0.1,-16.2,-3.3,-0.1,,,
Paul Grant,C,MIN,4,2,0,1,0,0,1,0.250,1999,C,4,-14.3,27.500,-0.1,0.0,-0.1,-22.2,-7.5,-0.1,,,
Paul Grant,C,MIL,2,2,0,0,1,0,1,0.500,1999,C,2,10.9,28.700,0.0,0.0,0.0,-6.7,3.3,0.0,,,
Ed Gray,SG,ATL,30,146,12,28,12,1,29,0.324,1999,SG,30,4.8,31.700,-1.1,0.4,-0.7,-6.1,-1.6,-0.5,,,
A.C. Green,PF,DAL,50,246,25,228,28,8,19,0.422,1999,PF,50,12.5,14.800,0.7,0.7,1.4,-1.1,-1.1,0.0,,,
Litterial Green,PG,CLE,1,0,0,0,0,0,0,0.000,1999,PG,1,-19.7,24.400,0.0,0.0,0.0,-16.6,-10.4,0.0,,,
Tom Gugliotta,PF,PHO,43,729,121,381,59,21,88,0.485,1999,PF,43,20.0,22.400,3.7,1.7,5.4,2.0,-0.2,1.5,,,
Tom Hammonds,PF,MIN,49,212,20,136,8,7,32,0.458,1999,PF,49,9.4,15.000,0.5,0.5,1.0,-3.6,-1.4,-0.6,,,
Anfernee Hardaway,SG,ORL,50,791,266,284,111,23,150,0.448,1999,SG,50,16.7,22.400,1.6,3.4,5.0,0.8,2.0,2.3,,,
Tim Hardaway*,PG,MIA,48,835,352,152,57,6,131,0.475,1999,PG,48,18.8,26.500,3.4,1.9,5.4,4.2,-0.9,2.4,,,
Derek Harper,PG,LAL,45,309,187,67,44,4,52,0.486,1999,PG,45,12.8,14.400,1.6,0.4,2.0,0.6,-0.7,0.5,,,
Ron Harper,SG,CHI,35,392,115,180,60,35,65,0.412,1999,SG,35,14.7,21.200,-0.2,1.4,1.2,0.1,1.3,1.0,,,
Matt Harpring,SF,ORL,50,408,45,214,30,6,73,0.478,1999,SF,50,13.0,18.600,1.2,1.5,2.6,-1.5,-0.3,0.1,,,
Al Harrington,PF,IND,21,45,5,39,4,2,11,0.321,1999,PF,21,6.4,22.000,-0.3,0.1,-0.2,-6.2,-2.8,-0.3,,,
Othella Harrington,PF,HOU,41,400,15,246,6,25,61,0.513,1999,PF,41,16.1,21.800,1.3,0.9,2.2,-1.5,-1.9,-0.3,,,
Lucious Harris,SG,NJN,36,193,31,67,18,7,18,0.434,1999,SG,36,11.0,16.100,0.5,0.3,0.8,-1.8,-1.2,-0.2,,,
Hersey Hawkins,SG,SEA,50,516,123,201,80,18,80,0.487,1999,SG,50,14.0,15.100,2.6,0.9,3.5,0.2,0.7,1.2,,,
Michael Hawkins,PG,SAC,24,36,27,25,3,1,13,0.413,1999,PG,24,7.2,11.400,0.0,0.1,0.0,-2.5,-1.2,-0.1,,,
Alan Henderson,SF,ATL,38,474,28,250,33,19,58,0.442,1999,SF,38,16.0,22.500,1.2,1.9,3.1,0.3,0.3,0.8,,,
Cedric Henderson,SF,CLE,50,454,113,197,58,24,97,0.419,1999,SF,50,9.9,19.000,-1.1,1.5,0.5,-2.6,0.2,-0.2,,,
J.R. Henderson,SF,VAN,30,97,22,47,9,4,18,0.375,1999,SF,30,9.0,18.600,-0.2,0.0,-0.2,-2.9,-1.9,-0.2,,,
Mark Hendrickson,PF,NJN,22,120,13,68,12,1,15,0.443,1999,PF,22,12.3,13.800,0.7,0.2,0.9,-1.9,-1.9,-0.2,,,
Steve Henson,PG,DET,4,4,3,0,1,0,3,0.500,1999,PG,4,5.6,11.200,0.0,0.0,0.0,-2.9,-0.6,0.0,,,
Carl Herrera,PF,TOT,28,65,4,62,12,7,16,0.395,1999,PF,28,6.8,14.300,-0.3,0.1,-0.3,-5.0,-1.4,-0.3,,,
Carl Herrera,PF,VAN,4,6,3,8,0,0,4,0.231,1999,PF,4,-1.7,19.500,-0.2,0.0,-0.2,-7.6,-5.1,-0.1,,,
Carl Herrera,PF,DEN,24,59,1,54,12,7,12,0.429,1999,PF,24,8.2,13.500,-0.1,0.1,0.0,-4.6,-0.8,-0.2,,,
Grant Hill*,SF,DET,50,1053,300,355,80,27,184,0.479,1999,SF,50,23.9,29.600,4.5,2.8,7.3,4.8,1.4,3.8,,,
Tyrone Hill,PF,TOT,38,325,35,287,34,16,59,0.455,1999,PF,38,12.3,16.500,0.7,1.5,2.2,-2.0,-0.5,-0.2,,,
Tyrone Hill,PF,MIL,17,146,17,134,18,8,24,0.424,1999,PF,17,12.3,16.400,0.4,0.6,1.0,-2.1,-0.7,-0.1,,,
Tyrone Hill,PF,PHI,21,179,18,153,16,8,35,0.480,1999,PF,21,12.2,16.600,0.3,0.9,1.2,-1.9,-0.4,-0.1,,,
Fred Hoiberg,SG,IND,12,19,4,11,0,0,3,0.310,1999,SG,12,4.0,14.700,0.0,0.0,0.0,-4.5,-1.6,-0.1,,,
Jerald Honeycutt,PF,TOT,16,30,3,12,5,2,9,0.359,1999,PF,16,4.4,20.300,-0.2,0.1,-0.1,-5.5,0.4,-0.1,,,
Jerald Honeycutt,PF,MIL,3,5,0,1,1,0,1,0.400,1999,PF,3,0.2,27.400,0.0,0.0,0.0,-16.1,1.0,0.0,,,
Jerald Honeycutt,PF,PHI,13,25,3,11,4,2,8,0.352,1999,PF,13,5.0,19.400,-0.2,0.1,0.0,-4.1,0.3,0.0,,,
Jeff Hornacek,SG,UTA,48,587,192,160,52,14,82,0.514,1999,SG,48,17.8,19.700,3.5,1.8,5.3,2.4,1.0,1.9,,,
Robert Horry,PF,LAL,38,188,56,152,36,39,49,0.527,1999,PF,38,13.5,13.000,0.8,0.9,1.7,-0.1,2.0,0.7,,,
Allan Houston,SG,NYK,50,813,137,152,35,9,130,0.459,1999,SG,50,13.1,24.300,1.1,1.8,2.9,0.0,-0.7,0.6,,,
Juwan Howard,SF,WAS,36,682,107,293,42,14,95,0.474,1999,SF,36,17.1,24.600,1.5,1.2,2.8,0.9,-0.6,0.8,,,
Troy Hudson,PG,LAC,25,169,92,55,11,2,38,0.450,1999,PG,25,14.1,17.700,0.7,-0.2,0.5,0.9,-3.1,0.0,,,
Larry Hughes,PG,PHI,50,455,77,189,44,14,68,0.420,1999,PG,50,16.7,25.200,0.9,1.5,2.4,1.3,0.2,0.9,,,
Lindsey Hunter,PG,DET,49,582,193,168,86,8,92,0.491,1999,PG,49,13.9,17.700,2.0,2.0,4.0,0.1,1.1,1.4,,,
Zydrunas Ilgauskas,C,CLE,5,76,4,44,4,7,9,0.509,1999,C,5,17.5,22.600,0.3,0.2,0.5,0.8,-0.8,0.1,,,
Allen Iverson*,SG,PHI,48,1284,223,236,110,7,167,0.439,1999,SG,48,22.2,32.600,4.3,2.9,7.2,5.1,0.6,3.9,,,
Bobby Jackson,PG,MIN,50,353,167,135,39,3,75,0.420,1999,PG,50,14.4,21.400,0.3,0.9,1.2,-0.5,0.0,0.4,,,
Jaren Jackson,SG,SAS,47,301,49,99,41,9,37,0.474,1999,SG,47,12.5,18.300,0.6,1.5,2.1,-0.6,1.7,0.7,,,
Jim Jackson,SG,POR,49,414,128,159,43,6,82,0.445,1999,SG,49,13.1,19.300,0.9,1.6,2.5,-0.8,0.7,0.6,,,
Mark Jackson,PG,IND,49,373,386,184,42,3,99,0.468,1999,PG,49,17.9,16.000,3.0,0.9,3.8,3.7,-0.7,1.8,,,
Randell Jackson,PF,WAS,27,114,8,54,3,11,26,0.431,1999,PF,27,11.6,25.200,-0.2,0.1,-0.1,-3.2,-2.4,-0.2,,,
Sam Jacobson,PG,LAL,2,8,0,3,0,0,1,0.600,1999,PG,2,20.6,25.800,0.0,0.0,0.0,-4.0,-0.2,0.0,,,
Jerome James,C,SAC,16,24,1,17,2,6,9,0.375,1999,C,16,11.4,38.900,-0.2,0.1,-0.1,-11.4,0.5,-0.1,,,
Antawn Jamison,SF,GSW,47,449,34,301,38,16,68,0.456,1999,SF,47,16.6,22.200,0.9,1.4,2.3,0.4,-0.4,0.5,,,
Anthony Johnson,PG,ATL,49,244,107,75,35,7,65,0.416,1999,PG,49,10.6,17.300,-0.1,1.2,1.1,-2.8,1.1,0.1,,,
Avery Johnson,PG,SAS,50,487,369,118,51,11,112,0.474,1999,PG,50,14.0,17.000,1.7,2.2,3.9,0.1,0.0,0.9,,,
Eddie Johnson,SF,HOU,3,12,1,2,0,0,2,0.462,1999,SF,3,10.2,39.200,-0.1,0.0,-0.1,-8.7,-6.5,-0.1,,,
Ervin Johnson,C,MIL,50,256,19,320,29,57,47,0.508,1999,C,50,14.5,13.100,1.4,1.6,3.0,-1.1,0.2,0.3,,,
Larry Johnson,PF,NYK,49,587,119,284,34,10,89,0.495,1999,PF,49,14.6,18.100,2.8,2.1,4.9,0.9,0.3,1.3,,,
Charles Jones,SG,CHI,29,108,41,42,18,5,29,0.394,1999,SG,29,6.5,16.000,-0.7,0.3,-0.4,-4.4,-0.9,-0.4,,,
Damon Jones,PG,TOT,24,125,42,44,13,0,17,0.466,1999,PG,24,13.7,18.500,0.4,0.3,0.7,0.4,0.1,0.2,,,
Damon Jones,PG,NJN,11,49,13,13,7,0,5,0.432,1999,PG,11,14.4,18.400,0.2,0.1,0.3,1.1,1.0,0.1,,,
Damon Jones,PG,BOS,13,76,29,31,6,0,12,0.487,1999,PG,13,13.3,18.600,0.2,0.2,0.4,0.0,-0.5,0.1,,,
Eddie Jones,SF-SG,TOT,50,780,186,194,125,58,93,0.477,1999,SF-SG,50,18.5,20.000,3.8,2.2,6.0,2.3,2.1,3.0,,,
Eddie Jones,SG,LAL,20,271,61,76,35,24,21,0.467,1999,SG,20,16.4,17.600,1.5,0.6,2.0,2.1,1.3,1.0,,,
Eddie Jones,SF,CHH,30,509,125,118,90,34,72,0.484,1999,SF,30,19.8,21.500,2.4,1.6,4.0,2.4,2.6,2.0,,,
Popeye Jones,PF,BOS,18,54,15,52,5,0,7,0.392,1999,PF,18,12.4,14.200,0.3,0.1,0.5,-1.4,-1.8,-0.1,,,
Adonis Jordan,PG,MIL,4,6,3,0,3,0,2,0.500,1999,PG,4,18.9,20.600,0.0,0.0,0.0,1.3,6.0,0.0,,,
Paul Pierce*,SF,BOS,48,791,115,309,82,50,113,0.504,1999,SF,48,19.2,23.100,2.9,2.0,4.9,3.4,0.3,2.3,,,
Reggie Jordan,SG,MIN,27,51,41,59,12,5,14,0.278,1999,SG,27,9.8,12.600,0.0,0.3,0.3,-3.2,0.9,0.0,,,
Adam Keefe,PF,UTA,44,174,28,142,16,12,33,0.452,1999,PF,44,12.2,14.600,0.8,0.9,1.7,-1.2,0.4,0.2,,,
Shawn Kemp,PF,CLE,42,862,101,388,48,45,127,0.483,1999,PF,42,23.6,28.900,4.2,2.1,6.3,3.8,0.4,2.3,,,
Jonathan Kerner,C,ORL,1,0,0,0,0,0,0,0.000,1999,C,1,-15.2,9.100,0.0,0.0,0.0,-19.6,-2.4,0.0,,,
Steve Kerr,PG,SAS,44,192,49,44,23,3,22,0.463,1999,PG,44,9.9,13.400,0.7,0.9,1.6,-1.6,1.1,0.3,,,
Jerome Kersey,SF,SAS,45,145,41,130,37,14,30,0.348,1999,SF,45,7.4,15.700,-0.9,1.5,0.6,-4.9,2.0,-0.1,,,
Jason Kidd*,PG,PHO,50,846,539,339,114,19,150,0.476,1999,PG,50,22.5,21.400,5.8,2.3,8.1,4.4,1.1,3.9,,,
Chris King,SF,UTA,8,4,1,11,2,1,4,0.286,1999,SF,8,-1.9,14.500,-0.2,0.1,-0.1,-12.3,2.0,-0.1,,,
Gerard King,SF,SAS,19,23,4,14,2,1,4,0.429,1999,SF,19,13.6,19.100,0.1,0.1,0.2,-2.9,1.0,0.0,,,
Kerry Kittles,SG,NJN,46,592,116,191,79,26,66,0.411,1999,SG,46,13.5,20.500,0.6,1.2,1.8,-0.1,0.1,0.8,,,
Joe Kleine,C,PHO,31,68,12,67,8,1,10,0.405,1999,C,31,6.6,11.000,0.1,0.2,0.3,-4.2,-1.4,-0.3,,,
Brevin Knight,PG,CLE,39,373,302,131,70,7,105,0.425,1999,PG,39,16.6,19.800,1.0,1.5,2.5,0.3,1.1,1.0,,,
Negele Knight,PG,TOR,6,8,8,6,1,0,7,0.375,1999,PG,6,2.4,13.600,-0.1,0.0,-0.1,-7.7,-2.5,-0.1,,,
Travis Knight,C,LAL,37,156,31,128,21,27,35,0.515,1999,C,37,12.8,15.300,0.4,0.7,1.1,-2.9,1.9,0.1,,,
Toni Kukoč*,SF,CHI,44,828,235,310,49,11,121,0.446,1999,SF,44,18.6,27.500,1.3,1.5,2.8,3.3,-0.3,2.1,,,
Christian Laettner,PF,DET,16,121,24,54,15,12,19,0.363,1999,PF,16,14.6,21.200,0.2,0.5,0.7,-0.6,0.6,0.2,,,
Raef LaFrentz,C,DEN,12,166,8,91,9,17,9,0.504,1999,C,12,18.9,18.600,1.1,0.1,1.2,2.9,-1.5,0.3,,,
Andrew Lang,C,CHI,21,80,13,93,5,12,17,0.323,1999,C,21,7.0,15.400,-0.5,0.3,-0.1,-4.9,-1.1,-0.4,,,
Antonio Lang,PF,CLE,10,13,1,16,2,1,4,0.667,1999,PF,10,8.8,10.500,0.1,0.1,0.1,-3.7,-0.3,0.0,,,
Rusty LaRue,PG,CHI,43,203,63,56,33,3,34,0.429,1999,PG,43,8.9,16.600,-0.3,0.5,0.3,-3.7,0.0,-0.3,,,
Tim Legler,SG,WAS,30,119,21,40,4,3,14,0.504,1999,SG,30,9.1,16.100,0.2,0.1,0.3,-1.7,-1.4,-0.1,,,
Voshon Lenard,SG,MIA,12,82,10,16,3,1,7,0.468,1999,SG,12,12.0,23.600,0.1,0.2,0.3,-0.7,-2.9,-0.1,,,
Rashard Lewis,SF,SEA,20,47,4,25,8,1,20,0.375,1999,SF,20,4.5,24.400,-0.5,0.1,-0.4,-7.5,-2.0,-0.3,,,
Randy Livingston,PG,PHO,1,12,3,2,2,0,1,0.625,1999,PG,1,27.2,20.700,0.1,0.0,0.1,2.4,4.7,0.1,,,
Grant Long,PF,ATL,50,489,53,296,57,16,74,0.425,1999,PF,50,15.6,18.300,2.3,2.6,4.9,-0.3,1.7,1.2,,,
Luc Longley,C,PHO,39,339,45,221,23,21,53,0.483,1999,C,39,13.5,18.600,0.8,1.0,1.8,-2.3,-0.2,-0.1,,,
Felipe López,SG,VAN,47,437,62,166,49,14,82,0.462,1999,SG,47,11.8,19.600,0.3,0.2,0.5,-2.2,-1.1,-0.4,,,
Tyronn Lue,PG,LAL,15,75,25,6,5,0,11,0.485,1999,PG,15,11.2,20.400,0.2,0.0,0.2,-1.3,-2.3,-0.1,,,
George Lynch,SF,PHI,43,356,76,279,85,22,79,0.434,1999,SF,43,12.8,16.000,0.1,2.5,2.6,-1.3,1.9,0.9,,,
Sam Mack,SF,TOT,44,472,55,95,35,4,33,0.548,1999,SF,44,15.4,19.000,2.6,0.3,2.8,1.7,-0.8,0.8,,,
Sam Mack,SF,VAN,19,242,23,53,20,1,20,0.505,1999,SF,19,13.3,19.500,0.9,0.0,0.9,0.1,-1.3,0.1,,,
Sam Mack,SF,HOU,25,230,32,42,15,3,13,0.602,1999,SF,25,17.7,18.300,1.7,0.2,1.9,3.5,-0.2,0.7,,,
Don MacLean,PF,SEA,17,185,16,65,5,5,25,0.425,1999,PF,17,13.4,27.200,0.1,0.1,0.2,-1.5,-3.2,-0.3,,,
Mark Macon,SG,DET,7,9,4,5,5,1,6,0.225,1999,SG,7,-0.4,17.900,-0.3,0.1,-0.2,-6.3,0.7,-0.1,,,
Rick Mahorn,PF,PHI,16,13,2,23,5,1,6,0.278,1999,PF,16,1.5,9.800,-0.2,0.2,0.0,-7.6,0.1,-0.2,,,
Dan Majerle,SG,MIA,48,337,150,208,38,7,55,0.510,1999,SG,48,10.2,11.400,1.6,1.9,3.5,0.0,1.1,1.3,,,
Karl Malone*,PF,UTA,49,1164,201,463,62,28,162,0.493,1999,PF,49,25.6,30.500,6.2,3.4,9.6,5.3,1.4,4.0,,,
Matt Maloney,PG,HOU,15,21,21,10,4,0,14,0.196,1999,PG,15,2.2,11.800,-0.4,0.0,-0.3,-5.4,-1.4,-0.2,,,
Danny Manning,PF,PHO,50,453,113,219,36,38,69,0.486,1999,PF,50,15.4,19.700,1.4,1.2,2.6,-0.5,0.6,0.6,,,
Stephon Marbury,PG,TOT,49,1044,437,142,59,8,164,0.465,1999,PG,49,20.8,27.200,4.5,0.8,5.3,4.3,-1.6,2.2,,,
Stephon Marbury,PG,MIN,18,319,167,62,29,5,55,0.421,1999,PG,18,18.8,26.400,0.8,0.6,1.3,2.8,-0.5,0.7,,,
Stephon Marbury,PG,NJN,31,725,270,80,30,3,109,0.489,1999,PG,31,21.8,27.600,3.8,0.2,4.0,5.1,-2.3,1.5,,,
Sean Marks,PF,TOR,8,11,0,1,1,0,3,0.625,1999,PF,8,7.8,19.200,0.0,0.0,0.0,-4.8,-2.7,0.0,,,
Donyell Marshall,SF,GSW,48,530,66,342,47,37,80,0.447,1999,SF,48,16.9,22.300,1.1,2.0,3.0,0.6,0.7,1.0,,,
Darrick Martin,PG,LAC,37,296,144,48,43,4,67,0.423,1999,PG,37,11.6,18.300,0.4,-0.2,0.2,-1.2,-1.7,-0.2,,,
Jamal Mashburn,SF,MIA,24,356,75,146,20,3,60,0.473,1999,SF,24,15.1,23.300,0.7,1.1,1.8,0.2,-0.4,0.4,,,
Tony Massenburg,PF,VAN,43,481,23,257,26,39,64,0.487,1999,PF,43,15.9,20.900,1.3,0.5,1.8,-1.1,-1.8,-0.2,,,
Vernon Maxwell,SG,SAC,46,492,76,85,30,3,67,0.485,1999,SG,46,12.6,22.800,1.1,0.5,1.6,-0.4,-1.1,0.1,,,
Lee Mayberry,PG,VAN,9,20,23,3,7,0,11,0.421,1999,PG,9,7.2,11.700,-0.1,0.0,-0.1,-4.8,-1.1,-0.1,,,
Kelly McCarty,SG,DEN,2,4,0,3,0,0,2,0.667,1999,SG,2,31.7,56.600,0.0,0.0,0.0,2.3,-9.9,0.0,,,
Walter McCarty,PF,BOS,32,181,40,115,24,13,40,0.398,1999,PF,32,8.9,16.400,-0.2,0.7,0.5,-3.7,-0.2,-0.3,,,
George McCloud,SF,PHO,48,428,79,162,45,14,49,0.545,1999,SF,48,13.6,15.300,2.3,1.0,3.3,0.4,0.3,0.8,,,
Jelani McCoy,C,SEA,26,133,4,79,11,20,10,0.737,1999,C,26,21.1,14.300,1.1,0.3,1.4,2.0,0.5,0.4,,,
Antonio McDyess,C,DEN,50,1061,82,537,73,115,138,0.471,1999,C,50,21.7,27.300,2.9,1.3,4.2,1.4,-0.7,1.3,,,
Tracy McGrady*,SF,TOR,49,458,113,278,52,66,80,0.447,1999,SF,49,20.6,21.900,1.8,1.4,3.3,2.9,1.1,1.7,,,
Jim McIlvaine,C,NJN,22,48,2,54,9,32,13,0.431,1999,C,22,9.5,10.900,0.0,0.3,0.3,-5.9,2.3,-0.1,,,
Jeff McInnis,PG,WAS,35,130,73,21,19,1,30,0.407,1999,PG,35,11.0,19.000,0.0,0.2,0.2,-1.3,-0.5,0.0,,,
Derrick McKey,SF,IND,13,60,13,41,12,4,12,0.442,1999,SF,13,12.2,14.000,0.2,0.2,0.4,-1.0,0.7,0.1,,,
Aaron McKie,SG,PHI,50,240,100,140,63,3,57,0.414,1999,SG,50,11.4,15.200,-0.1,1.7,1.6,-2.9,2.5,0.4,,,
Roshown McLeod,SF,ATL,34,162,14,50,2,1,23,0.383,1999,SF,34,11.3,27.800,-0.1,0.4,0.3,-2.8,-2.0,-0.2,,,
Ron Mercer,SG,BOS,41,698,104,155,67,12,89,0.435,1999,SG,41,13.5,24.200,0.1,1.2,1.3,-1.5,-0.8,-0.1,,,
Loren Meyer,C,DEN,14,16,1,16,0,3,4,0.268,1999,C,14,-2.8,21.300,-0.3,0.0,-0.3,-13.2,-3.7,-0.3,,,
Marko Milič,SG,PHO,11,16,2,5,3,1,6,0.400,1999,SG,11,3.9,22.700,-0.2,0.0,-0.1,-7.3,-0.9,-0.1,,,
Anthony Miller,PF,HOU,29,70,7,67,7,5,9,0.467,1999,PF,29,13.1,14.900,0.3,0.3,0.6,-1.2,-0.5,0.0,,,
Brad Miller,C,CHH,38,238,22,117,9,18,32,0.569,1999,C,38,21.2,21.700,1.6,0.5,2.1,1.6,0.0,0.4,,,
Oliver Miller,C,SAC,4,10,0,8,0,2,4,0.455,1999,C,4,8.3,18.300,0.0,0.0,0.0,-4.0,-4.2,-0.1,,,
Reggie Miller*,SG,IND,50,920,112,135,37,9,76,0.517,1999,SG,50,18.7,22.900,6.0,0.4,6.4,4.3,-1.2,2.3,,,
Chris Mills,SF,GSW,47,483,103,237,39,14,58,0.446,1999,SF,47,13.0,17.600,1.5,1.5,3.0,-0.6,0.6,0.7,,,
Terry Mills,PF,MIA,1,9,0,4,1,0,3,0.500,1999,PF,1,6.7,20.300,0.0,0.0,0.0,-1.9,-4.9,0.0,,,
Greg Minor,SG,BOS,44,214,50,117,20,6,38,0.436,1999,SG,44,9.7,15.400,0.2,0.6,0.8,-2.4,-0.6,-0.2,,,
Sam Mitchell,SF,MIN,50,561,98,182,35,16,34,0.417,1999,SF,50,14.1,20.600,1.9,1.1,3.0,-0.4,-0.4,0.4,,,
Cuttino Mobley,PG,HOU,49,487,121,111,44,23,79,0.490,1999,PG,49,12.2,17.200,1.6,0.8,2.3,-0.6,-0.4,0.4,,,
Nazr Mohammed,C,PHI,26,42,2,37,5,4,12,0.357,1999,C,26,10.0,23.700,-0.2,0.2,0.0,-5.8,-1.7,-0.2,,,
Eric Montross,C,DET,46,95,14,139,12,27,16,0.525,1999,C,46,9.1,9.100,0.4,0.9,1.3,-3.6,1.2,-0.1,,,
Mikki Moore,C,DET,2,4,0,1,0,0,0,1.000,1999,C,2,35.7,14.900,0.1,0.0,0.1,15.2,3.0,0.0,,,
Chris Morris,SF,PHO,44,184,23,121,16,11,21,0.483,1999,SF,44,15.3,16.400,1.1,0.5,1.6,0.9,-0.8,0.3,,,
Alonzo Mourning*,C,MIA,46,924,74,507,34,180,139,0.511,1999,C,46,24.6,27.100,4.0,3.9,7.9,2.5,2.2,3.0,,,
Chris Mullin*,SF,IND,50,507,81,160,47,13,60,0.575,1999,SF,50,18.1,19.100,3.1,1.0,4.1,3.5,0.9,1.9,,,
Eric Murdock,PG,NJN,15,119,66,35,22,2,29,0.430,1999,PG,15,12.3,17.000,0.1,0.3,0.4,-2.1,0.5,0.0,,,
Gheorghe Mureșan,C,NJN,1,0,0,0,0,0,1,0.000,1999,C,1,-90.6,88.300,-0.1,0.0,-0.1,-68.9,-23.2,0.0,,,
Lamond Murray,SF,LAC,50,612,61,195,58,20,99,0.420,1999,SF,50,14.3,25.700,0.1,0.2,0.3,-0.2,-1.8,0.0,,,
Tracy Murray,SF,WAS,36,233,27,81,21,6,29,0.420,1999,SF,36,9.6,20.100,-0.1,0.4,0.3,-1.6,-1.0,-0.1,,,
Dikembe Mutombo*,C,ATL,50,541,57,610,16,147,94,0.512,1999,C,50,18.8,14.300,3.7,4.2,7.9,1.3,2.5,2.6,,,
Makhtar N'Diaye,PF,VAN,4,5,1,5,0,1,1,0.250,1999,PF,4,3.9,11.500,0.0,0.0,0.0,-8.0,-2.7,-0.1,,,
Steve Nash*,PG,DAL,40,315,219,114,37,2,83,0.441,1999,PG,40,10.9,15.100,0.6,0.3,1.0,-1.0,-1.4,-0.1,,,
Tyrone Nesby,SF,LAC,50,503,82,175,77,20,53,0.493,1999,SF,50,17.0,18.200,2.7,0.4,3.1,1.2,0.5,1.2,,,
Rasho Nesterović,C,MIN,2,8,1,8,0,0,1,0.250,1999,C,2,3.5,20.300,-0.1,0.0,0.0,-6.5,-3.1,-0.1,,,
Johnny Newman,SF,CLE,50,303,41,75,28,12,41,0.468,1999,SF,50,9.2,16.900,0.5,0.7,1.2,-2.7,-0.4,-0.3,,,
Moochie Norris,PG,SEA,12,38,24,20,7,0,16,0.400,1999,PG,12,7.6,20.400,-0.3,0.1,-0.2,-4.0,-0.3,-0.1,,,
Dirk Nowitzki*,PF,DAL,47,385,47,162,29,27,73,0.426,1999,PF,47,12.8,22.300,0.1,0.7,0.8,-1.8,-0.7,-0.1,,,
Charles O'Bannon,SG,DET,18,56,12,34,2,3,8,0.429,1999,SG,18,13.3,19.400,0.2,0.1,0.3,-0.6,-1.4,0.0,,,
Jermaine O'Neal,PF,POR,36,90,13,97,4,14,14,0.434,1999,PF,36,13.6,16.500,0.3,0.5,0.8,-1.9,-0.1,0.0,,,
Shaquille O'Neal*,C,LAL,49,1289,114,525,36,82,122,0.576,1999,C,49,30.6,32.400,7.2,1.9,9.0,7.5,-0.4,3.9,,,
Charles Oakley,PF,TOR,50,348,168,374,46,21,96,0.430,1999,PF,50,10.8,12.800,0.7,1.4,2.1,-2.2,0.1,-0.1,,,
Hakeem Olajuwon*,C,HOU,50,945,88,478,82,123,139,0.517,1999,C,50,23.1,25.900,3.2,3.3,6.5,1.4,1.8,2.3,,,
Jimmy Oliver,SG,PHO,2,3,0,0,0,0,0,0.500,1999,SG,2,2.7,12.600,0.0,0.0,0.0,-4.0,-3.9,0.0,,,
Kevin Ollie,PG,TOT,8,13,3,7,3,1,3,0.286,1999,PG,8,3.7,12.000,-0.1,0.1,0.0,-7.4,0.6,-0.1,,,
Kevin Ollie,PG,SAC,7,12,3,6,3,1,3,0.308,1999,PG,7,4.1,11.400,-0.1,0.1,0.0,-7.0,0.7,-0.1,,,
Kevin Ollie,PG,ORL,1,1,0,1,0,0,0,0.000,1999,PG,1,-2.8,21.300,0.0,0.0,0.0,-13.4,0.3,0.0,,,
Michael Olowokandi,C,LAC,45,401,25,357,27,55,85,0.431,1999,C,45,11.8,19.000,-0.8,0.5,-0.3,-2.9,-2.1,-1.0,,,
Greg Ostertag,C,UTA,48,273,23,348,12,131,45,0.476,1999,C,48,12.8,10.900,1.2,2.6,3.8,-1.5,2.2,0.9,,,
Bo Outlaw,PF,ORL,31,203,56,167,40,43,58,0.545,1999,PF,31,12.8,13.200,0.1,1.7,1.8,-2.0,3.2,0.7,,,
Doug Overton,PG,TOT,24,92,23,21,5,1,20,0.440,1999,PG,24,10.8,20.600,0.0,0.1,0.1,-2.1,-1.7,-0.1,,,
Doug Overton,PG,ORL,6,18,3,2,1,0,3,0.500,1999,PG,6,19.0,24.200,0.1,0.0,0.1,1.4,-0.5,0.0,,,
Doug Overton,PG,NJN,8,64,16,17,3,1,15,0.456,1999,PG,8,10.6,19.800,0.0,0.0,0.0,-2.0,-2.1,-0.1,,,
Doug Overton,PG,PHI,10,10,4,2,1,0,2,0.333,1999,PG,10,4.5,20.800,-0.1,0.0,-0.1,-5.3,-1.3,0.0,,,
Billy Owens,SF,SEA,21,163,38,80,12,4,33,0.409,1999,SF,21,11.9,21.500,0.0,0.1,0.2,-1.4,-2.0,-0.2,,,
Robert Pack,PG,DAL,25,222,81,36,20,1,49,0.431,1999,PG,25,17.1,25.700,0.6,0.2,0.7,0.8,-1.0,0.2,,,
Anthony Parker,SG,PHI,2,2,0,0,0,0,0,1.000,1999,SG,2,30.9,15.100,0.0,0.0,0.0,10.2,2.6,0.0,,,
Cherokee Parks,C,VAN,48,266,36,243,28,28,49,0.429,1999,C,48,9.5,14.300,-0.2,0.5,0.2,-3.5,-1.0,-0.7,,,
Andrae Patterson,PF,MIN,35,114,15,65,19,7,22,0.443,1999,PF,35,14.5,20.900,0.2,0.5,0.7,-3.3,1.4,0.0,,,
Ruben Patterson,SF,LAL,24,65,2,30,5,3,12,0.422,1999,SF,24,14.3,24.000,0.1,0.1,0.2,-1.5,-2.5,-0.1,,,
Gary Payton*,PG,SEA,50,1084,436,244,109,12,154,0.479,1999,PG,50,23.1,27.100,6.0,1.2,7.2,5.1,0.0,3.6,,,
Anthony Peeler,SG,MIN,28,270,78,84,35,6,38,0.441,1999,SG,28,11.7,17.800,0.4,0.7,1.1,-0.9,0.2,0.3,,,
Will Perdue,C,SAS,37,90,18,138,9,10,22,0.633,1999,C,37,11.7,9.800,0.5,1.0,1.5,-2.6,1.7,0.1,,,
Sam Perkins,PF,IND,48,238,25,138,15,14,22,0.488,1999,PF,48,12.1,15.100,1.2,0.5,1.7,0.9,-0.3,0.5,,,
Elliot Perry,PG,TOT,35,98,47,34,20,0,34,0.427,1999,PG,35,11.5,22.000,-0.4,0.3,-0.1,-3.1,-0.4,-0.1,,,
Elliot Perry,PG,MIL,5,20,12,8,4,0,2,0.559,1999,PG,5,27.3,20.200,0.2,0.1,0.3,5.6,4.8,0.1,,,
Elliot Perry,PG,NJN,30,78,35,26,16,0,32,0.401,1999,PG,30,8.4,22.400,-0.6,0.2,-0.3,-4.7,-1.4,-0.3,,,
Chuck Person,SF,CHH,50,303,60,132,20,8,41,0.483,1999,SF,50,9.6,16.500,0.2,0.7,0.9,-1.0,-0.9,0.0,,,
Wesley Person,SG,CLE,45,503,80,142,37,16,41,0.539,1999,SG,45,14.4,18.200,1.6,1.0,2.6,2.3,-0.3,1.3,,,
Bobby Phills,SG,CHH,43,613,149,174,60,25,92,0.501,1999,SG,43,14.4,20.000,1.7,1.3,3.0,0.9,-0.1,1.2,,,
Eric Piatkowski,SG,LAC,49,513,53,140,44,6,53,0.510,1999,SG,49,15.3,18.800,2.5,-0.2,2.3,1.8,-1.5,0.7,,,
Scottie Pippen*,SF,HOU,50,726,293,323,98,37,159,0.492,1999,SF,50,16.8,19.700,2.5,2.3,4.9,1.4,1.1,2.3,,,
Scot Pollard,C,SAC,16,82,4,82,8,18,5,0.541,1999,C,16,18.0,12.500,0.7,0.3,1.1,0.1,0.8,0.2,,,
Olden Polynice,C,SEA,48,368,43,425,20,30,49,0.473,1999,C,48,11.8,13.700,1.3,0.7,2.0,-1.4,-2.2,-0.6,,,
Mark Pope,SF,IND,4,2,0,4,0,0,1,0.143,1999,SF,4,-8.5,15.500,-0.1,0.0,-0.1,-13.4,-5.7,-0.1,,,
Terry Porter,PG,MIA,50,525,146,140,48,11,74,0.543,1999,PG,50,16.9,18.400,3.3,1.7,5.0,1.9,1.0,1.7,,,
Vitaly Potapenko,C,TOT,50,499,75,332,35,36,100,0.495,1999,C,50,13.6,19.100,0.7,1.5,2.2,-1.6,-0.4,0.0,,,
Vitaly Potapenko,C,CLE,17,143,16,94,11,16,28,0.437,1999,C,17,10.5,18.300,-0.2,0.6,0.4,-2.8,0.0,-0.1,,,
Vitaly Potapenko,C,BOS,33,356,59,238,24,20,72,0.521,1999,C,33,15.1,19.500,0.8,1.0,1.8,-1.0,-0.5,0.1,,,
Brent Price,PG,HOU,40,292,113,78,33,1,65,0.594,1999,PG,40,15.0,17.400,1.6,0.5,2.2,0.4,-0.1,0.5,,,
Theo Ratliff,PF,PHI,50,560,30,407,45,149,92,0.470,1999,PF,50,16.9,17.100,2.1,3.3,5.4,-0.7,2.0,1.4,,,
Eldridge Recasner,PG,CHH,44,222,91,77,17,1,58,0.511,1999,PG,44,11.1,17.400,0.4,0.4,0.8,-1.3,-1.5,-0.1,,,
Bryant Reeves,C,VAN,25,271,37,138,13,8,47,0.406,1999,C,25,10.3,22.800,-0.2,0.1,-0.1,-4.0,-2.3,-0.8,,,
Khalid Reeves,PG,DET,11,25,11,7,4,0,7,0.405,1999,PG,11,6.8,14.500,0.0,0.1,0.1,-4.8,-1.0,-0.1,,,
Don Reid,PF,DET,47,242,33,170,27,43,36,0.557,1999,PF,47,12.5,12.400,1.4,1.3,2.7,-1.9,1.4,0.4,,,
J.R. Reid,PF,TOT,41,369,48,212,37,10,51,0.477,1999,PF,41,13.7,17.500,1.4,1.1,2.5,-1.2,0.3,0.3,,,
J.R. Reid,PF,CHH,16,243,25,113,22,10,28,0.521,1999,PF,16,17.6,20.000,1.2,0.7,1.9,0.5,0.9,0.5,,,
J.R. Reid,PF,LAL,25,126,23,99,15,0,23,0.407,1999,PF,25,9.0,14.700,0.2,0.4,0.6,-3.3,-0.6,-0.2,,,
Shawn Respert,SG,PHO,12,37,8,13,5,0,5,0.417,1999,SG,12,11.4,21.200,0.0,0.1,0.1,-2.4,0.6,0.0,,,
Rodrick Rhodes,SG-SF,TOT,13,43,11,17,5,2,20,0.260,1999,SG-SF,13,0.7,24.500,-0.7,0.0,-0.7,-8.2,-3.2,-0.4,,,
Rodrick Rhodes,SF,HOU,3,9,1,4,1,0,5,0.250,1999,SF,3,0.4,22.300,-0.1,0.0,-0.1,-7.9,-3.5,-0.1,,,
Rodrick Rhodes,SG,VAN,10,34,10,13,4,2,15,0.261,1999,SG,10,0.8,25.100,-0.6,0.0,-0.6,-8.3,-3.1,-0.3,,,
Glen Rice,SF,LAL,27,472,71,99,17,6,45,0.499,1999,SF,27,15.2,22.000,2.0,0.3,2.2,1.6,-2.0,0.4,,,
Pooh Richardson,PG,LAC,11,28,30,13,4,0,9,0.333,1999,PG,11,10.7,16.300,-0.1,0.0,-0.1,-1.8,-3.1,-0.1,,,
Mitch Richmond*,SG,WAS,50,983,122,172,64,10,136,0.456,1999,SG,50,15.5,25.700,2.2,1.0,3.3,0.9,-1.2,0.9,,,
Isaiah Rider,SG,POR,47,651,104,196,25,9,95,0.446,1999,SG,47,13.7,25.300,1.0,1.5,2.5,-0.1,-1.2,0.3,,,
Eric Riley,C,BOS,35,78,13,99,9,26,26,0.519,1999,C,35,11.8,12.400,0.2,0.5,0.7,-4.8,1.8,-0.1,,,
Stanley Roberts,C,HOU,6,14,0,11,0,1,4,0.385,1999,C,6,9.7,29.300,-0.1,0.0,-0.1,-7.1,-5.6,-0.1,,,
Clifford Robinson,SF,PHO,50,819,128,227,75,59,88,0.521,1999,SF,50,18.3,21.800,3.6,1.7,5.3,2.2,0.6,2.1,,,
David Robinson*,C,SAS,49,775,103,492,69,119,108,0.509,1999,C,49,24.9,23.800,4.0,4.4,8.4,3.2,3.5,3.4,,,
Glenn Robinson,SF,MIL,47,865,100,276,46,41,106,0.479,1999,SF,47,19.7,28.200,2.5,1.5,4.0,2.7,-0.8,1.5,,,
James Robinson,PG,TOT,31,183,56,62,22,8,44,0.419,1999,PG,31,10.7,21.800,-0.3,0.3,-0.1,-1.8,-0.5,0.0,,,
James Robinson,PG,LAC,14,106,18,27,14,3,16,0.439,1999,PG,14,12.7,20.400,0.2,0.0,0.2,-0.9,-0.6,0.0,,,
James Robinson,PG,MIN,17,77,38,35,8,5,28,0.397,1999,PG,17,8.2,23.600,-0.5,0.3,-0.2,-3.1,-0.3,-0.1,,,
Dennis Rodman*,PF,LAL,23,49,30,258,10,12,31,0.348,1999,PF,23,8.0,6.500,-0.1,0.9,0.8,-2.0,0.0,0.0,,,
Carlos Rogers,PF,POR,2,5,1,1,0,0,0,1.000,1999,PF,2,23.3,21.500,0.0,0.0,0.0,3.1,2.4,0.0,,,
Rodney Rogers,SF,LAC,47,348,77,179,47,22,66,0.471,1999,SF,47,14.7,19.100,0.9,0.3,1.2,-0.5,-0.1,0.3,,,
Sean Rooks,C,LAL,36,98,9,72,2,9,21,0.405,1999,C,36,9.1,17.300,0.2,0.2,0.3,-4.6,-2.1,-0.4,,,
Jalen Rose,SF,IND,49,542,93,154,50,15,72,0.420,1999,SF,49,14.4,24.700,0.8,1.0,1.8,-1.0,-0.2,0.2,,,
Malik Rose,PF,SAS,47,284,29,182,40,22,56,0.463,1999,PF,47,19.7,24.600,1.0,1.6,2.6,-1.1,1.8,0.4,,,
Bryon Russell,SF,UTA,50,622,74,266,76,15,76,0.519,1999,SF,50,14.1,16.700,2.9,2.7,5.6,0.4,1.2,1.6,,,
Arvydas Sabonis*,C,POR,50,606,119,393,34,63,85,0.493,1999,C,50,20.4,21.700,3.0,2.9,5.8,1.8,2.4,2.1,,,
Jason Sasser,SF,VAN,6,11,2,7,2,0,2,0.455,1999,SF,6,10.7,16.300,0.0,0.0,0.0,-3.8,-0.3,0.0,,,
Danny Schayes,C,ORL,19,28,4,14,1,2,8,0.379,1999,C,19,1.9,12.900,-0.2,0.1,0.0,-7.2,-0.4,-0.2,,,
Dwayne Schintzius,C,BOS,16,11,8,19,0,3,10,0.250,1999,C,16,0.7,18.500,-0.3,0.1,-0.2,-11.1,0.0,-0.2,,,
Detlef Schrempf,SF,SEA,50,752,184,370,41,26,103,0.503,1999,SF,50,18.4,19.500,4.7,1.1,5.8,2.1,-0.1,1.8,,,
Dennis Scott,SF,TOT,36,234,40,58,15,3,19,0.495,1999,SF,36,10.1,15.000,0.7,0.5,1.2,-1.1,-0.6,0.0,,,
Dennis Scott,SF,NYK,15,43,8,20,3,1,5,0.375,1999,SF,15,3.9,14.600,-0.2,0.2,0.0,-3.8,-0.5,-0.1,,,
Dennis Scott,SF,MIN,21,191,32,38,12,2,14,0.538,1999,SF,21,12.4,15.100,1.0,0.3,1.3,-0.1,-0.7,0.2,,,
Malik Sealy,SF,MIN,31,251,36,92,30,5,33,0.424,1999,SF,31,11.1,17.500,0.4,0.7,1.1,-2.9,0.4,-0.1,,,
Rony Seikaly,C,NJN,9,15,2,21,4,6,10,0.200,1999,C,9,0.5,19.000,-0.5,0.1,-0.3,-11.2,-0.2,-0.2,,,
Charles Shackleford,C,CHH,32,107,13,129,5,13,27,0.489,1999,C,32,12.1,16.800,0.1,0.5,0.7,-3.2,-0.2,-0.1,,,
Brian Shaw,PG,POR,1,0,1,1,0,0,1,0.000,1999,PG,1,-11.7,18.300,0.0,0.0,0.0,-17.9,-3.7,0.0,,,
Casey Shaw,C,PHI,9,2,0,3,0,0,2,0.125,1999,C,9,-14.9,32.400,-0.1,0.0,-0.1,-18.5,-11.3,-0.1,,,
Jeff Sheppard,SG,ATL,18,40,16,22,3,0,7,0.410,1999,SG,18,8.7,13.200,0.1,0.2,0.3,-2.5,0.8,0.0,,,
Miles Simon,SG,ORL,5,2,0,2,1,0,3,0.200,1999,SG,5,-7.2,19.100,-0.1,0.0,-0.1,-13.5,-3.8,-0.1,,,
Dickey Simpkins,C,CHI,50,456,65,339,36,13,72,0.463,1999,C,50,13.4,16.300,1.5,1.3,2.9,-1.6,-0.8,-0.2,,,
Alvin Sims,SG,PHO,4,11,5,4,2,0,6,0.450,1999,SG,4,10.9,33.600,-0.1,0.0,-0.1,-2.6,-1.4,0.0,,,
Brian Skinner,PF,LAC,21,86,1,53,10,13,19,0.465,1999,PF,21,13.2,18.400,0.0,0.1,0.1,-1.7,-1.0,0.0,,,
Reggie Slater,PF,TOR,30,115,5,70,3,3,25,0.383,1999,PF,30,11.3,24.700,0.1,0.1,0.2,-3.9,-3.5,-0.4,,,
Charles Smith,SG,LAC,23,84,13,24,17,14,20,0.397,1999,SG,23,7.1,17.800,-0.5,0.1,-0.5,-3.9,-0.1,-0.2,,,
Joe Smith,C,MIN,43,588,68,354,32,66,66,0.427,1999,C,43,16.6,20.800,2.0,1.7,3.7,0.0,-0.5,0.6,,,
Michael Smith,PF,VAN,48,230,48,350,46,18,60,0.535,1999,PF,48,14.3,10.900,1.3,0.9,2.3,-0.6,-0.4,0.3,,,
Steve Smith,SG,ATL,36,672,118,151,36,11,99,0.445,1999,SG,36,17.9,26.400,2.7,1.7,4.4,2.9,0.2,1.7,,,
Rik Smits,C,IND,49,728,52,275,18,52,75,0.490,1999,C,49,20.2,28.900,2.3,1.2,3.4,1.3,-0.7,0.9,,,
Eric Snow,PG,PHI,48,413,301,162,100,1,111,0.435,1999,PG,48,12.9,13.900,1.3,2.5,3.8,-1.7,1.6,0.8,,,
Felton Spencer,C,GSW,26,42,0,46,5,10,9,0.455,1999,C,26,9.8,14.900,0.0,0.3,0.3,-6.0,1.3,-0.1,,,
Latrell Sprewell,SF,NYK,37,606,91,156,46,2,79,0.435,1999,SF,37,16.7,26.500,1.3,1.7,3.0,1.1,0.2,1.1,,,
Ryan Stack,PF,CLE,18,47,5,34,2,11,9,0.378,1999,PF,18,9.7,13.400,0.2,0.1,0.4,-3.9,-1.1,-0.2,,,
Jerry Stackhouse,SG,DET,42,607,118,107,34,19,121,0.407,1999,SG,42,15.2,28.700,0.9,1.0,1.9,0.5,-1.3,0.4,,,
John Starks,SG,GSW,50,690,235,163,69,5,83,0.423,1999,SG,50,13.9,22.500,1.5,1.5,3.0,0.4,0.4,1.2,,,
Vladimir Stepania,C,SEA,23,127,12,75,10,23,32,0.424,1999,C,23,11.3,25.300,-0.5,0.3,-0.1,-6.0,-0.2,-0.3,,,
Michael Stewart,C,TOR,42,61,5,99,4,28,12,0.415,1999,C,42,8.8,8.700,0.3,0.4,0.7,-4.5,-0.4,-0.3,,,
Bryant Stith,SG,DEN,46,320,82,107,28,15,45,0.447,1999,SG,46,10.0,13.900,1.0,-0.5,0.5,-1.2,-1.5,-0.2,,,
John Stockton*,PG,UTA,50,553,374,146,81,13,110,0.507,1999,PG,50,21.9,20.100,4.2,2.2,6.4,4.1,1.9,2.8,,,
Peja Stojaković,SF,SAC,48,402,72,143,41,7,53,0.454,1999,SF,48,13.5,19.100,1.0,0.7,1.7,0.5,-0.5,0.5,,,
Damon Stoudamire,PG,POR,50,631,312,167,49,4,110,0.431,1999,PG,50,14.7,21.700,1.7,1.8,3.6,0.8,-0.7,0.9,,,
Erick Strickland,SG,DAL,33,249,64,83,40,2,36,0.443,1999,SG,33,18.0,23.100,0.7,0.7,1.3,0.4,1.4,0.6,,,
Mark Strickland,PF,MIA,32,119,9,78,7,8,13,0.495,1999,PF,32,14.7,17.400,0.5,0.5,1.0,-0.2,-0.3,0.1,,,
Rod Strickland,PG,WAS,44,690,434,212,76,5,142,0.426,1999,PG,44,20.2,24.000,2.8,1.3,4.1,3.4,-0.3,2.1,,,
Derek Strong,PF,ORL,44,223,17,161,15,7,37,0.422,1999,PF,44,12.1,17.000,0.6,1.0,1.6,-2.0,-0.5,-0.1,,,
Bruno Šundov,C,DAL,3,4,1,0,0,0,1,0.286,1999,C,3,-8.8,33.400,-0.1,0.0,-0.1,-14.9,-4.5,0.0,,,
Bob Sura,PG,CLE,50,214,152,102,46,14,67,0.355,1999,PG,50,11.0,18.700,-0.7,1.1,0.4,-2.5,1.3,0.2,,,
Johnny Taylor,SF,DEN,36,207,24,101,28,17,34,0.480,1999,SF,36,9.5,15.100,0.2,0.0,0.2,-2.4,-0.6,-0.2,,,
Maurice Taylor,PF,LAC,46,773,67,242,16,29,120,0.461,1999,PF,46,15.2,26.700,1.2,-0.5,0.7,-0.7,-3.5,-0.9,,,
John Thomas,C,TOR,39,169,15,134,17,9,21,0.577,1999,C,39,13.7,12.600,1.2,0.4,1.5,-0.6,-1.3,0.0,,,
Kurt Thomas,PF,NYK,50,406,55,286,45,17,73,0.462,1999,PF,50,13.1,19.800,0.2,2.3,2.5,-2.1,1.2,0.4,,,
Tim Thomas,SF,TOT,50,358,46,126,26,12,46,0.511,1999,SF,50,16.0,21.700,1.5,0.7,2.2,1.0,-0.5,0.5,,,
Tim Thomas,SF,PHI,17,78,15,33,3,3,15,0.440,1999,SF,17,12.8,22.300,0.1,0.2,0.4,-0.6,-0.4,0.1,,,
Tim Thomas,SF,MIL,33,280,31,93,23,9,31,0.533,1999,SF,33,16.9,21.600,1.4,0.5,1.8,1.5,-0.6,0.5,,,
Otis Thorpe,PF,WAS,49,554,101,334,42,19,88,0.545,1999,PF,49,15.0,17.200,2.3,1.4,3.7,-0.5,0.2,0.6,,,
Robert Traylor,C,MIL,49,259,38,182,44,44,42,0.537,1999,C,49,17.0,16.900,1.3,1.2,2.5,-0.8,1.7,0.6,,,
Gary Trent,PF,DAL,45,719,77,351,29,23,66,0.477,1999,PF,45,20.8,26.000,3.0,1.0,4.0,2.6,-1.4,1.1,,,
Nick Van Exel,PG,DEN,50,826,368,113,40,3,121,0.445,1999,PG,50,16.7,24.300,3.2,-1.0,2.2,2.6,-3.4,0.6,,,
Keith Van Horn,PF,NJN,42,916,65,358,43,53,133,0.439,1999,PF,42,19.6,28.500,2.3,1.4,3.7,2.0,-0.8,1.3,,,
David Vaughn,PF,NJN,10,34,1,34,2,8,11,0.542,1999,PF,10,13.5,16.900,0.0,0.1,0.2,-5.1,-0.8,-0.1,,,
Jacque Vaughn,PG,UTA,19,44,12,11,5,0,14,0.400,1999,PG,19,13.3,30.000,0.0,0.1,0.1,-4.5,0.5,0.0,,,
Loy Vaught,PF,DET,37,127,11,146,15,6,17,0.381,1999,PF,37,10.2,17.600,-0.3,0.8,0.5,-3.3,-1.0,-0.3,,,
Stojko Vranković,C,LAC,2,2,0,6,0,0,0,0.250,1999,C,2,10.7,15.100,0.0,0.0,0.0,0.4,-9.7,0.0,,,
Antoine Walker,PF,BOS,42,784,130,359,63,28,119,0.456,1999,PF,42,17.0,27.200,0.6,1.9,2.6,1.6,-0.6,1.2,,,
Samaki Walker,PF,DAL,39,229,6,143,9,16,37,0.463,1999,PF,39,12.6,21.800,0.1,0.5,0.6,-2.9,-1.7,-0.4,,,
Ben Wallace*,C,WAS,46,277,18,384,50,90,36,0.578,1999,C,46,16.2,11.000,1.5,2.1,3.6,0.3,1.5,1.2,,,
John Wallace,SF,TOR,48,411,46,171,12,43,70,0.432,1999,SF,48,15.9,27.400,0.4,0.7,1.0,-0.9,-1.4,-0.1,,,
Rasheed Wallace,PF,POR,49,628,60,241,48,54,80,0.522,1999,PF,49,16.7,20.500,2.6,2.4,5.0,0.2,1.8,1.4,,,
Rex Walters,SG,MIA,33,101,58,50,10,3,32,0.432,1999,SG,33,6.9,13.400,0.0,0.5,0.5,-3.1,0.4,-0.1,,,
Charlie Ward,PG,NYK,50,378,271,172,103,8,131,0.484,1999,PG,50,13.2,15.400,0.2,2.9,3.1,-0.8,2.6,1.5,,,
Eric Washington,SG,DEN,38,205,30,89,25,18,34,0.497,1999,SG,38,9.5,13.800,0.5,-0.1,0.3,-1.5,-0.8,-0.1,,,
Jamie Watson,SF,MIA,3,2,1,1,0,0,1,0.500,1999,SF,3,1.9,8.200,0.0,0.0,0.0,-3.3,-0.4,0.0,,,
Clarence Weatherspoon,SF,MIA,49,397,34,243,28,17,61,0.534,1999,SF,49,17.0,18.400,2.3,1.7,4.0,0.3,0.3,0.7,,,
Chris Webber*,PF,SAC,42,839,173,545,60,89,148,0.488,1999,PF,42,19.5,24.900,1.0,2.7,3.6,0.8,1.1,1.7,,,
Bonzi Wells,SF,POR,7,31,3,9,1,1,6,0.575,1999,SF,7,26.3,44.400,0.0,0.1,0.1,2.3,-1.3,0.0,,,
Bill Wennington,C,CHI,38,143,18,79,13,12,17,0.351,1999,C,38,7.0,21.400,-0.7,0.5,-0.3,-6.3,-0.6,-0.6,,,
David Wesley,PG,CHH,50,706,322,161,100,10,142,0.502,1999,PG,50,16.9,19.800,3.1,1.7,4.8,1.5,0.2,1.7,,,
Doug West,SG,VAN,14,81,19,25,16,7,12,0.477,1999,SG,14,11.5,13.700,0.3,0.1,0.4,-3.0,1.5,0.0,,,
Mark West,C,ATL,49,60,13,125,4,22,17,0.373,1999,C,49,6.5,9.000,-0.1,0.8,0.7,-4.7,1.0,-0.2,,,
DeJuan Wheat,PG,VAN,46,208,102,45,26,2,48,0.435,1999,PG,46,12.8,20.600,0.2,0.1,0.3,-0.8,-1.6,-0.1,,,
Tyson Wheeler,PG,DEN,1,4,2,0,0,0,0,1.500,1999,PG,1,76.1,28.400,0.1,0.0,0.1,42.5,8.5,0.0,,,
Jahidi White,PF,WAS,20,49,1,58,3,11,16,0.531,1999,PF,20,9.4,15.300,-0.1,0.2,0.2,-5.3,-0.8,-0.2,,,
Chris Whitney,PG,WAS,39,187,69,47,18,2,36,0.513,1999,PG,39,15.8,21.500,0.7,0.3,1.0,1.7,-0.2,0.4,,,
Dominique Wilkins*,SF,ORL,27,134,16,71,4,1,23,0.398,1999,SF,27,15.4,31.200,-0.1,0.3,0.3,0.0,-2.4,0.0,,,
Gerald Wilkins,SG,ORL,3,2,1,1,0,0,3,0.000,1999,SG,3,-14.8,20.900,-0.2,0.0,-0.2,-15.2,-4.9,-0.1,,,
Aaron Williams,PF,SEA,40,158,22,128,14,24,30,0.423,1999,PF,40,15.2,18.400,0.6,0.4,1.1,-1.7,0.1,0.0,,,
Alvin Williams,PG,TOR,50,248,130,82,51,12,56,0.430,1999,PG,50,10.4,13.600,0.5,0.6,1.2,-2.5,0.3,-0.1,,,
Brandon Williams,SG,SAS,3,2,0,1,0,0,0,,1999,SG,3,24.4,20.500,0.0,0.0,0.0,9.0,-1.6,0.0,,,
Eric Williams,SF,DEN,38,277,37,81,27,8,49,0.379,1999,SF,38,10.7,19.100,0.5,-0.2,0.2,-2.0,-1.5,-0.3,,,
Herb Williams,C,NYK,6,10,0,6,0,2,2,0.500,1999,C,6,12.2,15.400,0.0,0.0,0.1,-0.6,-1.0,0.0,,,
Hot Rod Williams,C,DAL,25,29,15,83,13,18,13,0.333,1999,C,25,7.4,5.700,0.0,0.3,0.4,-3.1,1.5,0.0,,,
Jason Williams,PG,SAC,50,641,299,153,95,1,143,0.455,1999,PG,50,12.8,19.100,0.7,1.3,2.1,-0.6,-0.3,0.5,,,
Jayson Williams,C,NJN,30,242,33,360,24,60,46,0.445,1999,C,30,14.5,13.000,0.9,1.3,2.2,-1.1,0.1,0.3,,,
Jerome Williams,PF,DET,50,355,23,349,63,7,41,0.500,1999,PF,50,18.2,14.800,2.9,1.9,4.8,1.9,-0.1,1.1,,,
Micheal Williams,PG,TOR,2,2,0,1,0,0,1,0.200,1999,PG,2,-6.5,18.100,-0.1,0.0,-0.1,-7.9,-5.4,0.0,,,
Monty Williams,SF,DEN,1,1,0,0,0,0,0,0.000,1999,SF,1,-7.6,21.700,0.0,0.0,0.0,-10.3,-9.6,0.0,,,
Scott Williams,C,TOT,7,14,1,14,3,2,4,0.294,1999,C,7,7.3,24.800,-0.2,0.1,-0.1,-9.3,0.1,-0.1,,,
Scott Williams,C,PHI,2,0,1,2,2,1,2,0.000,1999,C,2,-1.3,10.700,-0.1,0.0,0.0,-12.1,5.4,0.0,,,
Scott Williams,C,MIL,5,14,0,12,1,1,2,0.333,1999,C,5,12.2,33.100,-0.1,0.1,0.0,-7.7,-3.0,-0.1,,,
Shammond Williams,PG,ATL,2,3,1,0,0,0,0,0.000,1999,PG,2,33.8,32.500,0.0,0.0,0.0,7.0,-0.3,0.0,,,
Travis Williams,SF,CHH,8,15,2,19,2,1,6,0.462,1999,SF,8,8.8,15.900,0.0,0.1,0.0,-5.1,0.2,0.0,,,
Walt Williams,SF,POR,48,446,80,143,37,28,63,0.514,1999,SF,48,16.3,20.000,2.1,1.6,3.7,2.2,1.4,1.5,,,
Corliss Williamson,SF,SAC,50,659,66,206,30,8,75,0.486,1999,SF,50,14.7,22.100,1.9,0.6,2.5,-0.4,-1.7,-0.1,,,
Kevin Willis,C,TOR,42,504,67,350,28,28,86,0.418,1999,C,42,15.6,22.400,1.1,1.2,2.4,-0.9,-1.5,-0.1,,,
David Wingate,SG,NYK,20,14,5,8,4,0,6,0.438,1999,SG,20,4.2,11.500,-0.1,0.1,0.0,-5.7,0.9,-0.1,,,
Trevor Winter,C,MIN,1,0,0,3,0,0,0,,1999,C,1,-4.3,0.000,0.0,0.0,0.0,-24.4,-0.6,0.0,,,
Joe Wolf,PF,CHH,3,0,0,1,0,0,0,0.000,1999,PF,3,-14.5,7.400,0.0,0.0,0.0,-20.4,-1.6,-0.1,,,
Haywoode Workman,PG,MIL,29,200,172,102,32,1,63,0.479,1999,PG,29,14.1,14.900,0.9,0.7,1.6,0.5,-0.2,0.5,,,
Lorenzen Wright,C,LAC,48,319,33,361,26,36,48,0.458,1999,C,48,14.7,14.400,1.7,0.5,2.2,-0.9,-1.7,-0.2,,,
Korleone Young,SF,DET,3,13,1,4,0,0,1,0.550,1999,SF,3,31.3,37.600,0.1,0.0,0.1,9.9,-0.5,0.0,,,
